{
	"version": 1,
	"settings": {
		"layout": {
			"contentSize": "60rem",
			"wideSize": "80rem"
		},
		"color": {
			"defaultPalette": false,
			"palette": [
				{
					"name": "Light",
					"slug": "light",
					"color": "#FFFFFF"
				},
				{
					"name": "Dark",
					"slug": "dark",
					"color": "#00172b"
				},
				{
					"name": "Primary",
					"slug": "primary",
					"color": "#09549F"
				},
				{
					"name": "Secondary",
					"slug": "secondary",
					"color": "#6BBE27"
				},
				{
					"name": "Tertiary",
					"slug": "tertiary",
					"color": "#1D9AC6"
				},
				{
					"name": "Dark primary",
					"slug": "dark-primary",
					"color": "#1F2937"
				},
				{
					"name": "Dark secondary",
					"slug": "dark-secondary",
					"color": "#1F2937"
				},
				{
					"name": "Dark tertiary",
					"slug": "dark-tertiary",
					"color": "#1F2937"
				}
			]
		},
		"typography": {
			"fontSizes": [
				{
					"name": "sm",
					"slug": "sm",
					"size": "clamp(0.8337777777777777rem, calc(0.8337777777777777rem + ((0.8504 - 0.8337777777777777) * ((100vw - 20rem) / (96 - 20)))), 0.8504rem)"
				},
				{
					"name": "base",
					"slug": "base",
					"size": "clamp(0.938rem, calc(0.938rem + ((1.063 - 0.938) * ((100vw - 20rem) / (96 - 20)))), 1.063rem)"
				},
				{
					"name": "lg",
					"slug": "lg",
					"size": "clamp(1.05525rem, calc(1.05525rem + ((1.3287499999999999 - 1.05525) * ((100vw - 20rem) / (96 - 20)))), 1.3287499999999999rem)"
				},
				{
					"name": "xl",
					"slug": "xl",
					"size": "clamp(1.18715625rem, calc(1.18715625rem + ((1.6609375 - 1.18715625) * ((100vw - 20rem) / (96 - 20)))), 1.6609375rem)"
				},
				{
					"name": "2xl",
					"slug": "2xl",
					"size": "clamp(1.3355507812499998rem, calc(1.3355507812499998rem + ((2.076171875 - 1.3355507812499998) * ((100vw - 20rem) / (96 - 20)))), 2.076171875rem)"
				},
				{
					"name": "3xl",
					"slug": "3xl",
					"size": "clamp(1.50249462890625rem, calc(1.50249462890625rem + ((2.59521484375 - 1.50249462890625) * ((100vw - 20rem) / (96 - 20)))), 2.59521484375rem)"
				}
			]
		}
	}
}
